City_ID,City,Lat,Lng,Max Temp,Humidity,Cloudiness,Wind Speed,Country,Date
0,severo-yeniseyskiy,60.3725,93.0408,263.69,96,77,1.82,RU,1682174359
1,fort st. john,56.2499,-120.8529,272.09,80,75,3.09,CA,1682174175
2,pandan,14.0453,124.1694,299.7,87,97,3.09,PH,1682174364
3,igra,57.5558,53.0547,284.92,48,98,2.17,RU,1682174365
4,port saint john's,-31.6229,29.5448,295.1,50,97,7.35,ZA,1682174365
5,bratsk,56.1325,101.6142,272.42,92,97,4.51,RU,1682174366
6,port-aux-francais,-49.35,70.2167,280.61,90,100,16.52,TF,1682174366
7,happy valley-goose bay,53.3168,-60.3315,276.32,81,100,2.57,CA,1682174366
8,seven pagodas,12.6264,80.1722,304.18,75,74,4.51,IN,1682174367
9,edinburgh of the seven seas,-37.0676,-12.3116,288.39,62,5,13.18,SH,1682174367
10,naze,28.3667,129.4833,292.66,75,100,9.3,JP,1682174163
11,urangan,-25.3,152.9,295.15,74,24,9.58,AU,1682174821
12,north platte,41.1239,-100.7654,274.88,60,20,7.72,US,1682174822
13,yuzhno-kurilsk,44.0306,145.8556,274.89,88,70,7.73,RU,1682174822
14,anadyr,64.75,177.4833,260.43,92,100,1.79,RU,1682174822
15,ilulissat,69.2167,-51.1,271.16,86,75,1.54,GL,1682174822
16,uturoa,-16.7333,-151.4333,300.7,79,100,6.49,PF,1682174823
17,invercargill,-46.4,168.35,284.83,82,100,0.89,NZ,1682174823
18,arkhangel'sk,64.5401,40.5433,274.21,100,100,4.0,RU,1682174823
19,isafjordur,66.0755,-23.124,275.47,57,18,2.69,IS,1682174823
20,thompson,55.7435,-97.8558,269.24,58,75,2.06,CA,1682174731
21,lichtenvoorde,51.9867,6.5667,289.92,85,100,6.09,NL,1682174824
22,motygino,58.1831,94.7592,266.1,97,83,0.39,RU,1682174824
23,san luis de la loma,17.2706,-100.8939,300.84,65,77,1.49,MX,1682174824
24,hithadhoo,-0.6,73.0833,302.01,72,70,1.29,MV,1682174825
25,radashkovichy,54.1551,27.2424,287.7,49,67,1.46,BY,1682174825
26,margate,51.3813,1.3862,287.42,64,95,4.02,GB,1682174825
27,brejo,-3.6844,-42.7503,305.11,49,54,3.01,BR,1682174825
28,susuman,62.7833,148.1667,259.18,99,75,1.82,RU,1682174826
29,adamstown,-25.066,-130.1015,298.4,88,100,9.06,PN,1682174826
30,chimbote,-9.0853,-78.5783,299.32,74,47,2.66,PE,1682174826
31,tralee,52.2704,-9.7026,282.29,93,40,1.54,IE,1682174827
32,ushuaia,-54.8,-68.3,281.96,53,75,9.26,AR,1682174827
33,udachny,66.4167,112.4,264.34,94,100,2.26,RU,1682174827
34,saint-joseph,-21.3667,55.6167,299.36,82,34,1.69,RE,1682174827
35,hammerfest,70.6634,23.6821,269.4,86,75,6.17,NO,1682174828
36,puerto ayora,-0.7393,-90.3518,300.13,93,63,5.36,EC,1682174687
37,buka,40.8108,69.1986,293.22,23,10,2.41,UZ,1682174829
38,faya-largeau,17.9257,19.1043,314.46,6,1,3.25,TD,1682174829
39,port elizabeth,-33.918,25.5701,292.31,62,0,4.12,ZA,1682174829
40,west island,-12.1568,96.8225,301.14,78,40,5.14,CC,1682174553
41,hawaiian paradise park,19.5933,-154.9731,294.84,93,20,0.0,US,1682174830
42,carnarvon,-24.8667,113.6333,297.39,52,0,4.56,AU,1682174831
43,sao jose da coroa grande,-8.8978,-35.1478,301.97,63,100,4.76,BR,1682174831
44,college,64.8569,-147.8028,272.36,71,75,8.23,US,1682174831
45,ribeira grande,38.5167,-28.7,291.37,94,75,6.69,PT,1682174831
46,la passe,45.5549,-0.8967,291.28,71,98,5.85,FR,1682174832
47,codrington,-38.2667,141.9667,287.53,88,62,0.57,AU,1682174832
48,tucuma,-0.1833,-50.05,303.49,65,98,3.53,BR,1682174707
49,bethel,41.3712,-73.414,287.83,80,100,6.17,US,1682174663
50,cartagena,10.3997,-75.5144,301.94,79,40,1.54,CO,1682174832
51,weno,7.4515,151.8468,301.12,89,40,0.0,FM,1682174833
52,aketi,2.7388,23.7833,300.24,64,100,2.41,CD,1682174833
53,saipan,15.1355,145.701,300.54,100,100,6.17,MP,1682174833
54,bredasdorp,-34.5322,20.0403,287.82,76,100,3.51,ZA,1682174833
55,sao joao batista,-27.2761,-48.8494,298.73,79,35,1.48,BR,1682174833
56,iqaluit,63.7506,-68.5145,273.0,93,100,9.77,CA,1682174552
57,san patricio,28.017,-97.5169,299.07,65,0,5.52,US,1682174834
58,tiksi,71.6872,128.8694,256.05,97,28,2.32,RU,1682174834
59,albany,42.6001,-73.9662,289.83,70,100,1.79,US,1682174586
60,kargasok,59.0556,80.8572,275.73,76,100,5.07,RU,1682174834
61,farrukhnagar,17.0778,78.2011,301.99,29,65,3.68,IN,1682174835
62,gaspe,48.8334,-64.4819,280.27,57,20,4.63,CA,1682174603
63,kruisfontein,-34.0033,24.7314,291.16,46,100,1.7,ZA,1682174835
64,puerto natales,-51.7236,-72.4875,284.4,46,100,1.03,CL,1682174835
65,gulf shores,30.246,-87.7008,293.81,66,68,1.79,US,1682174836
66,revda,56.801,59.9303,278.9,98,100,2.0,RU,1682174836
67,chui,-33.6971,-53.4616,296.08,47,100,0.41,UY,1682174836
68,murzuq,25.9155,13.9184,308.82,6,15,7.8,LY,1682174836
69,gisborne,-38.6533,178.0042,290.44,94,100,2.99,NZ,1682174837
70,ulsteinvik,62.3432,5.8487,286.65,73,17,6.26,NO,1682174837
71,waitangi,-43.9535,-176.5597,286.38,96,91,0.45,NZ,1682174837
72,bilibino,68.0546,166.4372,262.26,73,17,2.12,RU,1682174838
73,amarante do maranhao,-5.5667,-46.7422,303.61,57,85,3.68,BR,1682174838
74,avarua,-21.2078,-159.775,297.18,78,29,3.09,CK,1682174838
75,bandarbeyla,9.4942,50.8122,301.7,69,55,4.58,SO,1682174839
76,almeirim,-1.5233,-52.5817,302.34,71,100,2.4,BR,1682174839
77,talnakh,69.4865,88.3972,274.38,93,100,7.94,RU,1682174839
78,polyarnyy,69.1989,33.4478,270.09,60,100,8.81,RU,1682174840
79,la'ie,21.6477,-157.9253,297.13,84,12,0.45,US,1682174840
80,xixiang,35.1628,112.865,277.29,96,100,1.59,CN,1682174841
81,georgetown,5.4112,100.3354,301.11,89,20,1.03,MY,1682174629
82,kill devil hills,36.0307,-75.676,296.15,70,0,7.2,US,1682174841
83,khovd,48.0056,91.6419,275.97,25,100,0.17,MN,1682174841
84,cape coast,5.1053,-1.2466,302.3,74,43,7.39,GH,1682174841
85,colonia,50.9333,6.95,290.83,85,100,3.92,DE,1682174796
86,nagqu,31.5,92.0,273.98,57,100,1.71,CN,1682174842
87,mersa matruh,31.3525,27.2453,293.26,73,0,5.14,EG,1682174842
88,saint-felicien,48.6501,-72.4491,279.53,70,75,4.12,CA,1682174842
89,bahia de kino,28.8333,-111.9333,295.94,34,0,2.02,MX,1682174843
90,iquique,-20.2208,-70.1431,295.17,67,0,2.11,CL,1682174843
91,basoko,1.2391,23.616,297.6,75,100,1.78,CD,1682174843
92,margaret river,-33.95,115.0667,288.79,65,0,2.88,AU,1682174754
93,island harbour,50.724,-1.2758,287.68,77,91,4.54,GB,1682174843
94,mata-utu,-13.2816,-176.1745,300.87,77,98,5.23,WF,1682174844
95,caleta de carquin,-11.0925,-77.6267,299.23,71,29,4.32,PE,1682174844
96,fort-shevchenko,44.5086,50.263,288.0,61,4,4.45,KZ,1682174844
97,grytviken,-54.2811,-36.5092,274.48,78,75,7.36,GS,1682174845
98,bayevo,53.2833,80.7667,277.85,52,57,3.52,RU,1682174845
99,isangel,-19.55,169.2667,298.6,85,20,3.35,VU,1682174845
100,port lincoln,-34.7333,135.8667,289.79,87,0,3.69,AU,1682174845
101,st. john's,47.5649,-52.7093,277.47,97,100,10.28,CA,1682174846
102,bikenibeu village,1.3673,173.1241,301.13,83,20,3.6,KI,1682174846
103,acarau,-2.8856,-40.12,302.85,62,27,6.12,BR,1682174846
104,jwaneng,-24.6004,24.7303,300.93,15,8,5.51,BW,1682174847
105,nenjiang,49.1833,125.2167,273.83,48,14,5.1,CN,1682174847
106,kyren,51.6828,102.1408,269.23,62,4,1.39,RU,1682174847
107,arenapolis,-14.4503,-56.8461,302.53,63,32,2.1,BR,1682174737
108,novokayakent,42.3937,47.9861,286.0,78,38,2.19,RU,1682174848
109,hamilton,39.1834,-84.5333,286.36,84,40,5.14,US,1682174554
110,acapulco de juarez,16.8634,-99.8901,300.05,74,40,0.0,MX,1682174657
111,hotan,37.0997,79.9269,288.66,19,1,0.67,CN,1682174848
112,christianshavn,55.6724,12.5886,290.86,48,72,5.66,DK,1682174849
113,lerwick,60.1545,-1.1494,282.15,81,14,10.71,GB,1682174849
114,lazaro cardenas,17.9583,-102.2,299.83,68,100,0.93,MX,1682174849
115,tevriz,57.509,72.4042,281.66,86,100,4.5,RU,1682174849
116,atafu village,-8.5421,-172.5159,301.73,76,10,3.89,TK,1682174850
117,vryheid,-27.7695,30.7917,297.43,24,100,3.36,ZA,1682174850
118,norwich,52.6278,1.2983,288.25,51,40,5.66,GB,1682174728
119,callao,-12.0667,-77.15,297.31,73,0,6.69,PE,1682174851
120,constantia,44.1833,28.65,289.65,69,28,2.6,RO,1682174662
121,fenoarivo be,-18.4333,46.5667,293.73,81,46,1.44,MG,1682174851
122,ponta delgada,37.7333,-25.6667,290.55,94,75,5.14,PT,1682174852
123,kingston,17.997,-76.7936,302.73,67,20,4.12,JM,1682174611
124,kassiri,8.9372,-13.1244,305.8,49,54,3.77,SL,1682174853
125,flying fish cove,-10.4217,105.6791,300.86,77,51,7.41,CX,1682174853
126,katsuren-haebaru,26.3369,127.8719,296.16,83,100,3.09,JP,1682174853
127,haiku-pauwela,20.9219,-156.3051,294.84,88,0,1.54,US,1682174854
128,port alfred,-33.5906,26.891,292.69,56,100,1.34,ZA,1682174854
129,holualoa,19.6228,-155.9522,295.06,95,100,4.12,US,1682174854
130,blackmans bay,-43.0167,147.3167,289.11,67,99,5.02,AU,1682174854
131,nguigmi,14.2495,13.1092,310.58,22,19,2.7,NE,1682174854
132,virginia,37.5481,-77.4467,294.36,68,75,4.63,US,1682174855
133,yellowknife,62.456,-114.3525,275.44,64,75,3.6,CA,1682174855
134,haiphong,20.8561,106.6822,301.1,83,75,4.63,VN,1682174703
135,fisterra,42.9049,-9.2629,290.79,82,71,10.34,ES,1682174855
136,geraldton,-28.7667,114.6,290.38,63,0,0.51,AU,1682174855
137,dunedin,-45.8742,170.5036,284.71,10,30,2.68,NZ,1682174856
138,iskateley,67.6803,53.1512,272.82,97,100,8.63,RU,1682174856
139,pangody,65.85,74.4859,273.26,99,100,2.89,RU,1682174856
140,karratha,-20.7377,116.8463,299.77,63,86,2.7,AU,1682174856
141,sitka,57.0531,-135.33,281.09,61,100,6.69,US,1682174857
142,afaahiti,-17.75,-149.2833,298.08,87,100,7.62,PF,1682174857
143,cabo san lucas,22.8909,-109.9124,298.99,36,76,0.45,MX,1682174745
144,thunder bay,48.4001,-89.3168,270.14,86,100,3.6,CA,1682174690
145,tamanrasset,22.785,5.5228,303.1,6,0,5.14,DZ,1682174858
146,karlshamn,56.1706,14.8619,287.42,50,8,3.34,SE,1682174858
147,longyearbyen,78.2186,15.6401,260.06,66,0,3.09,SJ,1682174858
148,walvis bay,-22.9575,14.5053,295.68,56,0,5.66,NA,1682174859
149,pangobilian,8.8011,117.8594,300.5,81,10,2.85,PH,1682174859
150,nako,31.8814,78.627,266.34,86,67,0.99,IN,1682174859
151,jamestown,42.097,-79.2353,288.16,90,0,6.17,US,1682174859
152,cadale,2.7603,46.3222,302.5,74,100,6.91,SO,1682174859
153,gadzhiyevo,69.2551,33.3362,269.71,61,100,8.85,RU,1682174860
154,chonchi,-42.6128,-73.8092,288.22,69,13,0.54,CL,1682174860
155,saint-philippe,-21.3585,55.7679,299.92,79,48,2.97,RE,1682174860
156,autun,46.95,4.3,284.65,99,100,1.94,FR,1682174860
157,keflavik,64.0049,-22.5624,279.1,93,100,3.6,IS,1682174860
158,kodiak,57.79,-152.4072,277.88,45,0,5.66,US,1682174861
159,alexandria,31.2156,29.9553,298.45,59,98,7.91,EG,1682174861
160,cidreira,-30.1811,-50.2056,295.88,57,88,2.04,BR,1682174861
161,kuta,-8.7233,115.1723,301.12,83,20,5.36,ID,1682174861
162,harper,4.375,-7.7169,303.31,67,41,5.52,LR,1682174861
163,magadan,59.5667,150.8,271.34,76,99,9.91,RU,1682174862
164,mhamid,29.82,-5.72,305.97,10,0,1.16,MA,1682174862
165,vilyuchinsk,52.9306,158.4028,276.3,99,100,1.2,RU,1682174514
166,labasa,-16.4167,179.3833,297.0,89,65,2.63,FJ,1682174862
167,lalibela,12.0333,39.0333,295.84,35,77,2.64,ET,1682174863
168,wailua homesteads,22.0669,-159.378,294.59,93,75,2.57,US,1682174863
169,monchegorsk,67.9397,32.8739,270.28,70,100,5.67,RU,1682174863
170,dudinka,69.4058,86.1778,274.61,98,100,6.35,RU,1682174863
171,ra's bayrut,33.9,35.4833,293.96,64,0,5.14,LB,1682174864
172,papillion,41.1544,-96.0422,276.57,73,100,6.69,US,1682174864
173,vernal,40.4555,-109.5287,275.99,75,75,2.06,US,1682174864
174,vorgashor,67.5833,63.95,271.48,94,96,6.34,RU,1682174864
175,arantangi,10.1667,78.9833,303.34,69,4,6.16,IN,1682174865
176,nemuro,43.3236,145.575,275.8,79,10,6.8,JP,1682174865
177,kroya,-7.6331,109.2461,299.97,87,100,3.97,ID,1682174865
178,abu al matamir,30.9102,30.1744,298.42,31,96,8.42,EG,1682174865
179,kamin-kashyrskyi,51.6241,24.9586,288.71,49,100,1.09,UA,1682174866
180,batouri,4.4333,14.3667,300.07,72,100,1.86,CM,1682174866
181,stanley,54.868,-1.6985,281.92,95,100,2.57,GB,1682174866
182,hermanus,-34.4187,19.2345,290.82,63,100,5.25,ZA,1682174866
183,port blair,11.6667,92.75,301.71,70,0,2.01,IN,1682174867
184,destin,30.3935,-86.4958,294.85,73,0,8.23,US,1682174867
185,korla,41.7597,86.1469,287.84,32,100,2.22,CN,1682174867
186,praia da vitoria,38.7333,-27.0667,293.29,83,75,10.02,PT,1682174868
187,parras de la fuente,25.4167,-102.1833,294.92,46,99,3.99,MX,1682174868
188,enewetak,11.3474,162.3373,299.74,83,99,8.39,MH,1682174868
189,ivnya,51.0629,36.1343,285.46,64,95,2.79,RU,1682174868
190,severobaykal'sk,55.65,109.3167,267.02,95,97,1.06,RU,1682174869
191,kenai,60.5544,-151.2583,274.34,69,0,2.06,US,1682174839
192,villa gesell,-37.2639,-56.973,290.96,72,17,6.39,AR,1682174869
193,kerikeri,-35.2268,173.9474,290.88,97,56,1.91,NZ,1682174869
194,grande prairie,55.1667,-118.8027,273.25,69,75,1.03,CA,1682174870
195,zarghun shahr,32.8473,68.4457,287.89,20,0,3.4,AF,1682174870
196,opuwo,-18.0607,13.84,301.56,34,51,3.86,NA,1682174870
197,yen vinh,18.6667,105.6667,299.45,84,30,3.3,VN,1682174870
198,coquimbo,-29.9533,-71.3436,288.0,94,75,3.09,CL,1682174847
199,fale old settlement,-9.3852,-171.2468,301.91,76,24,4.58,TK,1682174871
200,linden,6.0,-58.3,300.84,81,100,1.29,GY,1682174871
201,hobyo,5.3505,48.5268,302.31,73,98,6.13,SO,1682174871
202,chibougamau,49.9168,-74.3659,275.94,93,100,2.57,CA,1682174602
203,namtsy,62.7161,129.6658,261.85,97,44,2.16,RU,1682174872
204,port macquarie,-31.4333,152.9167,289.2,84,64,2.49,AU,1682174872
205,nadi,-17.8,177.4167,297.15,73,20,2.57,FJ,1682174872
206,petropavlovsk-kamchatsky,53.0452,158.6483,275.48,70,75,4.0,RU,1682174513
207,olonkinbyen,70.9221,-8.7187,270.15,70,74,6.4,SJ,1682174872
208,suratgarh,29.3167,73.9,298.47,30,29,9.51,IN,1682174873
209,sungai raya,0.7,108.9,299.57,87,97,1.56,ID,1682174874
210,juneau,58.3019,-134.4197,277.71,94,100,0.0,US,1682174732
211,erenhot,43.6475,111.9767,282.69,14,99,4.43,CN,1682174874
212,ancud,-41.8697,-73.8203,285.19,73,0,0.22,CL,1682174875
213,arraial do cabo,-22.9661,-42.0278,301.13,57,40,6.17,BR,1682174875
214,tashtyp,52.7939,89.8983,271.49,78,53,0.21,RU,1682174875
215,rubtsovsk,51.5,81.25,273.0,85,8,1.77,RU,1682174876
216,la tuque,47.4334,-72.7824,286.29,47,100,3.6,CA,1682174876
217,hasaki,35.7333,140.8333,284.37,48,52,6.76,JP,1682174784
218,nueva gerona,21.8833,-82.8,300.64,57,12,1.02,CU,1682174876
219,pyinmana,19.7333,96.2167,302.23,47,75,1.95,MM,1682174877
220,lompoc,34.6391,-120.4579,292.56,91,40,7.6,US,1682174843
221,labuan,5.2767,115.2417,301.35,83,20,0.51,MY,1682174877
222,bamboo flat,11.7,92.7167,301.74,70,0,1.99,IN,1682174877
223,tazovsky,67.4667,78.7,273.13,92,100,4.05,RU,1682174878
224,papatowai,-46.5619,169.4708,286.27,69,88,5.08,NZ,1682174878
225,tongliao,43.6125,122.2653,278.14,17,4,3.01,CN,1682174879
226,praia,14.9215,-23.5087,299.45,53,20,9.26,CV,1682174879
227,pokachi,61.7198,75.3683,275.41,99,100,2.88,RU,1682174879
228,koulamoutou,-1.1303,12.4736,298.77,90,100,1.1,GA,1682174879
229,kitimat,54.0524,-128.6534,277.54,27,100,0.91,CA,1682174880
230,angaur state,6.906,134.13,301.04,77,89,4.33,PW,1682174880
231,saint-francois,46.4154,3.9054,286.84,82,100,1.03,FR,1682174880
232,gambiran satu,-8.3939,114.1464,296.98,93,57,0.57,ID,1682174881
233,okhotsk,59.3833,143.3,272.93,80,100,5.35,RU,1682174881
234,new mirpur,33.1418,73.7674,291.8,51,95,3.72,PK,1682174881
235,egilsstadir,65.2653,-14.3948,273.1,59,75,5.66,IS,1682174881
236,nova sintra,14.8667,-24.7167,292.97,76,8,8.74,CV,1682174882
237,shizunai-furukawacho,42.3339,142.3669,276.63,76,2,3.82,JP,1682174882
238,mikhaylovskoye,51.8239,79.7172,272.77,85,21,2.5,RU,1682174883
239,sault ste. marie,46.5168,-84.3333,277.46,100,100,5.14,CA,1682174880
240,dubbo,-32.25,148.6167,285.22,87,0,4.12,AU,1682174884
241,antofagasta,-23.65,-70.4,292.75,70,100,2.4,CL,1682174852
242,boiling springs,35.0465,-81.9818,290.41,92,75,0.0,US,1682174885
243,alice springs,-23.7,133.8833,284.9,76,0,2.57,AU,1682174886
244,lihue,21.9789,-159.3672,295.02,92,75,2.06,US,1682174633
245,itaituba,-4.2761,-55.9836,301.24,78,40,0.0,BR,1682174626
246,labrador city,52.9463,-66.9114,277.1,70,100,5.66,CA,1682174714
247,bukoba,-1.3317,31.8122,293.14,94,100,0.0,TZ,1682174887
248,claremont,34.0967,-117.7198,295.9,49,0,0.0,US,1682174681
249,hirara,24.8,125.2833,296.07,78,100,4.12,JP,1682174888
250,vallenar,-28.5708,-70.7581,293.94,50,0,2.47,CL,1682174889
251,long beach,33.767,-118.1892,295.54,81,0,0.45,US,1682174889
252,moapa valley,36.5805,-114.4703,294.64,39,66,3.35,US,1682174890
253,sanctuary point,-35.1114,150.629,290.79,94,32,2.08,AU,1682174890
254,pacific grove,36.6177,-121.9166,284.38,94,100,4.92,US,1682174891
255,maridi,4.9158,29.4742,295.46,83,97,5.21,SS,1682174891
256,port mathurin,-19.6833,63.4167,299.54,77,55,8.24,MU,1682174892
257,ibipeba,-11.6408,-42.0111,303.12,37,98,6.75,BR,1682174892
258,sharhorod,48.7383,28.085,287.92,48,96,2.86,UA,1682174893
259,qaqortoq,60.7167,-46.0333,276.38,63,23,0.72,GL,1682174893
260,aleksandrovsk-sakhalinskiy,50.8975,142.1561,272.02,96,100,6.2,RU,1682174893
261,aasiaat,68.7098,-52.8699,272.2,85,100,1.23,GL,1682174894
262,matamey,13.4231,8.4749,313.21,11,82,4.5,NE,1682174894
263,tolanaro,-25.0319,46.9987,299.19,83,20,2.06,MG,1682174895
264,mandalgovi,45.7625,106.2708,276.38,25,94,6.57,MN,1682174895
265,puerto santa,-8.9906,-78.6456,298.53,79,42,3.0,PE,1682174896
266,nar'yan-mar,67.6713,53.087,272.91,97,100,8.75,RU,1682174897
267,cruz del eje,-30.7264,-64.8039,292.65,49,100,1.26,AR,1682174897
268,chinchani,19.8667,72.7,300.45,70,0,5.3,IN,1682174898
269,mlimba,-8.8,35.8167,298.1,93,80,0.93,TZ,1682174898
270,san matias,-16.3667,-58.4,301.18,58,4,1.68,BO,1682174899
271,puerto colombia,10.9878,-74.9547,301.2,77,76,4.41,CO,1682174900
272,siguiri,11.6667,-9.5,313.42,9,98,3.1,GN,1682174900
273,lobito,-12.3481,13.5456,301.46,71,69,5.26,AO,1682174901
274,sao gabriel da cachoeira,-0.1303,-67.0892,298.04,94,75,1.03,BR,1682174901
275,russellville,35.2784,-93.1338,287.68,63,0,2.57,US,1682174901
276,umred,20.85,79.3333,301.31,38,63,5.0,IN,1682174902
277,lorengau,-2.0226,147.2712,300.79,78,99,2.3,PG,1682174902
278,chulakkurgan,43.765,69.1814,287.06,31,77,3.48,KZ,1682174903
279,kavieng,-2.5744,150.7967,300.65,82,100,5.83,PG,1682174903
280,itoman,26.1247,127.6694,296.16,81,100,5.14,JP,1682174904
281,lundazi,-12.2929,33.1782,294.71,86,94,3.05,ZM,1682174904
282,miasskoye,55.2784,61.8905,283.07,88,100,4.17,RU,1682174904
283,hovd,48.0056,91.6419,275.97,25,100,0.17,MN,1682174905
284,soio,-6.1349,12.3689,301.18,72,100,3.73,AO,1682174906
285,castillos,-34.1667,-53.8333,295.61,47,97,0.86,UY,1682174906
286,fort mcmurray,56.7268,-111.381,274.88,64,0,0.51,CA,1682174907
287,itanhem,-17.1664,-40.33,298.03,73,100,3.51,BR,1682174907
288,howard springs,-12.497,131.047,301.1,79,50,2.55,AU,1682174907
289,tazacorte,28.629,-17.9293,294.9,74,75,4.02,ES,1682174908
290,ust-nera,64.5667,143.2,265.29,95,100,1.66,RU,1682174908
291,mount isa,-20.7333,139.5,294.02,35,0,4.12,AU,1682174909
292,waitara,-38.925,174.25,288.27,92,8,5.4,NZ,1682174909
293,santo antonio,-6.3106,-35.4789,304.58,44,90,7.35,BR,1682174910
294,lecheng,25.1238,113.3254,296.65,96,99,0.96,CN,1682174910
295,staritsa,56.5075,34.9354,285.74,52,91,0.51,RU,1682174911
296,campbell river,50.0163,-125.2446,280.15,100,100,3.6,CA,1682174887
297,beitbridge,-22.2167,30.0,304.56,27,31,3.21,ZW,1682174912
298,utrik,11.2278,169.8474,299.99,79,40,9.47,MH,1682174912
299,tromso,69.6496,18.957,272.16,64,75,2.57,NO,1682174913
300,havran,39.5583,27.0983,291.94,52,75,6.17,TR,1682174914
301,eilat,29.5581,34.9482,302.06,39,57,6.69,IL,1682174914
302,santander,43.4647,-3.8044,292.43,56,20,2.68,ES,1682174915
303,nishinoomote,30.7333,131.0,292.0,68,93,7.98,JP,1682174915
304,palmer,42.1584,-72.3287,288.51,71,100,2.57,US,1682174915
305,grand falls-windsor,48.9332,-55.6649,275.65,93,100,1.79,CA,1682174916
306,idri,27.5,13.2667,307.98,9,6,8.42,LY,1682174916
307,mezhdurechensk,53.6942,88.0603,271.34,93,98,0.89,RU,1682174916
308,cookeville,36.1628,-85.5016,286.25,82,76,0.89,US,1682174635
309,camana,-16.6228,-72.7111,296.08,73,22,3.56,PE,1682174916
310,zav'yalovo,56.7847,53.3776,284.48,64,100,1.58,RU,1682174917
311,clinton,42.587,-82.9199,284.16,80,100,1.54,US,1682174729
312,mount pearl,47.5166,-52.7813,277.01,97,100,9.77,CA,1682174736
313,puerto penasco,31.3167,-113.5333,296.12,40,0,1.44,MX,1682174772
314,posto fiscal rolim de moura,-13.0833,-62.2667,302.43,61,72,1.94,BR,1682174917
315,nichinan,31.6,131.3667,290.97,62,80,6.4,JP,1682174918
316,mildura,-34.2,142.15,286.52,80,0,3.86,AU,1682174918
317,gobabis,-22.45,18.9667,299.84,32,100,5.07,NA,1682174918
318,guerrero negro,27.9769,-114.0611,290.67,65,0,4.9,MX,1682174918
319,whitehorse,60.7161,-135.0538,270.43,79,20,1.54,CA,1682174919
320,greenville,35.6127,-77.3663,294.89,75,40,3.6,US,1682174731
321,phuthaditjhaba,-28.5242,28.8158,291.63,24,75,5.25,ZA,1682174919
322,barra dos coqueiros,-10.9089,-37.0386,301.16,83,40,5.66,BR,1682174920
323,jaru,-10.4389,-62.4664,300.81,80,100,1.51,BR,1682174920
324,torbat-e heydariyeh,35.274,59.2195,298.79,12,80,2.57,IR,1682174920
325,yung shue wan,22.2333,114.1167,296.9,89,77,7.49,HK,1682174921
326,mirny,62.5353,113.9611,258.51,94,8,0.77,RU,1682174921
327,pisco,-13.7,-76.2167,297.18,78,0,3.6,PE,1682174922
328,kirakira,-10.4544,161.9205,300.14,84,97,2.96,SB,1682174922
329,punta arenas,-53.15,-70.9167,281.21,61,0,7.72,CL,1682174922
330,tres lagoas,-20.7511,-51.6783,297.62,65,0,2.59,BR,1682174923
331,buala,-8.145,159.5921,300.19,83,21,2.55,SB,1682174923
332,mogadishu,2.0371,45.3438,303.08,84,75,4.12,SO,1682174708
333,puerto el triunfo,13.2833,-88.55,302.66,64,38,1.64,SV,1682174924
334,peace river,56.2501,-117.286,275.74,69,100,2.06,CA,1682174924
335,birnin kudu,11.4459,9.4984,314.06,12,70,3.15,NG,1682174924
336,delligsen,51.9412,9.8027,296.57,54,100,4.52,DE,1682174924
337,oriximina,-1.7656,-55.8661,299.46,89,100,0.69,BR,1682174924
338,porto novo,6.4965,2.6036,305.05,60,100,5.19,BJ,1682174825
339,bayan,46.0833,127.4,275.45,26,0,3.7,CN,1682174925
340,tianshui,34.5439,105.6897,275.6,93,100,2.03,CN,1682174925
341,tura,25.5198,90.2201,297.72,43,9,1.91,IN,1682174925
342,chapaev,50.2,51.1667,287.57,61,69,8.23,KZ,1682174926
343,priozersk,61.0393,30.1291,285.86,52,7,3.41,RU,1682174926
344,concepcion,-36.827,-73.0498,286.04,94,75,2.57,CL,1682174751
345,selfoss,63.9331,-20.9971,278.33,78,97,3.17,IS,1682174926
346,ad dabbah,18.05,30.95,314.03,6,0,0.78,SD,1682174927
347,peterhead,57.5058,-1.7981,284.51,86,83,7.25,GB,1682174927
348,dongola,19.1667,30.4833,314.1,6,6,1.63,SD,1682174927
349,kapuskasing,49.4169,-82.4331,275.2,100,100,3.6,CA,1682174928
350,nawanshahr,31.1167,76.1333,296.34,26,53,5.62,IN,1682174928
351,road town,18.4167,-64.6167,301.2,69,40,3.6,VG,1682174928
352,puerto deseado,-47.7503,-65.8938,286.57,58,51,13.67,AR,1682174928
353,santa elena de uairen,4.6167,-61.1333,294.95,85,100,2.44,VE,1682174928
354,knik-fairview,61.5126,-149.6001,278.08,67,75,1.54,US,1682174929
355,boa vista,2.8197,-60.6733,298.14,88,100,1.54,BR,1682174929
356,nizhnesortymskiy,62.4397,71.7603,273.88,98,100,0.27,RU,1682174929
357,el alto,-4.2714,-81.2147,299.96,77,100,1.66,PE,1682174930
358,nelson bay,-32.7167,152.15,293.15,94,71,1.79,AU,1682174930
359,shreveport,32.5251,-93.7502,292.12,68,20,2.06,US,1682174930
360,sidon,33.5631,35.3689,294.08,66,13,4.3,LB,1682174930
361,basni,27.1667,73.65,304.08,7,0,4.51,IN,1682174930
362,merizo village,13.2658,144.6691,300.46,89,64,7.13,GU,1682174930
363,papao,-17.75,-149.55,298.97,88,100,7.49,PF,1682174931
364,alofi,-19.0595,-169.9187,290.09,94,0,0.51,NU,1682174931
365,mitu,1.1983,-70.1733,301.49,63,100,0.94,CO,1682174931
366,nago,26.5881,127.9761,295.62,86,33,5.03,JP,1682174932
367,kone,-21.0595,164.8658,296.19,94,3,1.55,NC,1682174932
368,kristiansund,63.1115,7.732,282.18,65,100,11.32,NO,1682174932
369,roxas,11.5853,122.7511,299.34,82,42,3.17,PH,1682174932
370,justo daract,-33.8594,-65.1828,292.34,50,1,3.16,AR,1682174933
371,taltal,-25.4,-70.4833,292.64,72,46,1.53,CL,1682174933
372,at taj,24.2049,23.2857,308.92,8,100,5.96,LY,1682174933
373,sokoni,-6.4333,39.55,298.07,84,100,5.59,TZ,1682174933
374,mossel bay,-34.1831,22.146,292.11,62,100,2.11,ZA,1682174933
375,mananara,-16.1667,49.7667,298.54,88,45,1.63,MG,1682174933
376,tosontsengel,48.7567,98.2839,271.78,24,9,1.7,MN,1682174934
377,ryde,50.73,-1.1621,287.49,77,91,4.58,GB,1682174934
378,westport,41.1415,-73.3579,289.87,83,100,9.26,US,1682174728
379,new norfolk,-42.7826,147.0587,289.77,69,100,1.79,AU,1682174934
380,port hedland,-20.3167,118.5667,297.18,60,40,2.57,AU,1682174935
381,rio grande,-32.035,-52.0986,296.21,61,100,0.75,BR,1682174935
382,bengkulu,-3.8004,102.2655,299.03,88,99,2.15,ID,1682174935
383,rabo de peixe,37.8,-25.5833,289.88,94,75,5.14,PT,1682174936
384,duyun,26.2667,107.5167,289.86,98,93,2.48,CN,1682174936
385,hadibu,12.65,54.0333,302.15,69,3,3.2,YE,1682174936
386,pokrov,55.92,39.1769,286.49,43,70,2.47,RU,1682174936
387,ouesso,1.6136,16.0517,296.31,92,100,1.72,CG,1682174936
388,fomboni,-12.28,43.7425,301.52,76,92,4.87,KM,1682174937
389,gubkinskiy,64.434,76.5026,274.38,100,100,5.68,RU,1682174937
390,sandnessjoen,66.0217,12.6316,277.44,52,20,8.23,NO,1682174937
391,jeddah,21.5169,39.2192,305.07,51,20,5.14,SA,1682174937
392,papar,5.7333,115.9333,300.15,87,61,1.64,MY,1682174656
393,el porvenir,13.7617,-87.3458,297.78,51,53,1.84,HN,1682174938
394,cabanglasan,8.1214,125.3275,294.75,98,61,0.4,PH,1682174938
395,kotlas,61.2611,46.6556,282.23,62,88,3.25,RU,1682174938
396,crane,31.3974,-102.3501,292.86,29,0,3.0,US,1682174938
397,greymouth,-42.4667,171.2,286.43,93,59,0.34,NZ,1682174858
398,fada,9.5667,8.3,309.3,23,100,3.01,NG,1682174939
399,pogranichnyy,44.4064,131.3769,276.19,32,15,2.87,RU,1682174939
400,bada,51.392,109.8717,266.54,54,3,1.05,RU,1682174939
401,dagomys,43.6703,39.6689,288.12,90,89,3.29,RU,1682174939
402,ola,59.5833,151.2833,271.65,80,100,10.69,RU,1682174743
403,akureyri,65.6835,-18.0878,274.11,51,0,3.09,IS,1682174940
404,horta,38.5333,-28.6333,290.95,94,75,6.69,PT,1682174811
405,klyuchi,52.2667,79.1667,276.39,69,24,3.42,RU,1682174940
406,saskatoon,52.1168,-106.6345,272.14,80,100,1.54,CA,1682174523
407,bichura,50.5881,107.6022,270.87,47,31,0.88,RU,1682174941
408,jijiga,9.35,42.8,295.41,61,85,1.14,ET,1682174941
409,tasqala,51.1167,50.3167,288.48,51,95,5.39,KZ,1682174941
410,gorodoviki,46.1353,41.9656,285.73,76,68,7.7,RU,1682174941
411,palikir - national government center,6.9248,158.1611,297.56,100,100,0.0,FM,1682174942
412,quellon,-43.1167,-73.6167,283.29,87,100,0.0,CL,1682174942
413,basco,20.4487,121.9702,298.08,77,98,6.56,PH,1682174943
414,skagen,57.7209,10.5839,282.82,79,89,5.99,DK,1682174943
415,tamandare,-8.7597,-35.1047,302.13,62,100,4.55,BR,1682174944
416,springs,-26.25,28.4,297.22,53,52,6.04,ZA,1682174944
417,fortaleza,-3.7227,-38.5247,304.22,58,40,7.72,BR,1682174906
418,porto murtinho,-21.6989,-57.8825,300.38,48,0,1.91,BR,1682174945
419,zeya,53.75,127.2667,272.76,86,100,2.36,RU,1682174946
420,yasugicho,35.4333,133.25,284.16,54,75,6.17,JP,1682174946
421,novyy urgal,51.0736,132.5642,273.1,91,100,0.42,RU,1682174947
422,vila velha,-20.3297,-40.2925,297.12,82,100,5.14,BR,1682174947
423,tara,56.8944,74.371,281.82,85,100,6.01,RU,1682174947
424,san sebastian de la gomera,28.0916,-17.1133,298.35,57,20,5.14,ES,1682174948
425,puerto leguizamo,-0.1934,-74.7819,299.08,79,100,0.7,CO,1682174950
426,samfya,-11.3649,29.5565,296.66,75,86,2.29,ZM,1682174950
427,sao raimundo das mangabeiras,-7.0219,-45.4811,305.46,45,96,4.66,BR,1682174951
428,obo,5.3998,26.4869,303.03,50,100,4.32,CF,1682174951
429,merowe,18.4833,31.8167,313.77,6,1,0.59,SD,1682174952
430,zagora,30.3484,-5.8365,304.19,12,4,2.48,MA,1682174952
431,yima,34.7381,111.8839,274.46,99,100,2.28,CN,1682174953
432,dryden,49.7833,-92.7503,268.31,74,40,4.63,CA,1682174954
433,shiyan,32.6475,110.7781,277.65,94,100,1.67,CN,1682174954
434,namibe,-15.1961,12.1522,300.62,72,80,4.18,AO,1682174955
435,skeldon,5.8833,-57.1333,300.34,80,100,1.31,GY,1682174955
436,ugoofaaru,5.6667,73.0,302.51,70,73,2.65,MV,1682174956
437,sinop,41.7711,34.8709,283.39,80,63,2.39,TR,1682174956
438,uzgen,40.7699,73.3007,288.31,34,8,2.65,KG,1682174956
439,chilecito,-29.1619,-67.4974,291.2,53,25,3.04,AR,1682174957
440,lepsy,46.235,78.9456,282.28,26,1,2.45,KZ,1682174957
441,haimen,23.1935,116.6142,294.09,89,100,5.88,CN,1682174958
442,taiyuan,37.8694,112.5603,279.07,81,40,1.0,CN,1682174958
443,singaraja,-8.112,115.0882,300.08,84,67,2.15,ID,1682174958
444,karur,10.95,78.0833,306.44,42,98,1.71,IN,1682174959
445,ifrane,33.3333,-5.25,290.44,38,29,5.88,MA,1682174959
446,orkney,-26.9802,26.6727,299.41,15,42,5.82,ZA,1682174887
447,okha,53.5739,142.9478,271.84,92,100,7.26,RU,1682174960
448,pundong,-7.9522,110.3486,298.96,91,96,3.45,ID,1682174960
449,burgersdorp,-30.9977,26.3286,289.89,15,100,8.41,ZA,1682174961
450,isla mujeres,21.2311,-86.731,301.18,70,12,3.8,MX,1682174961
451,lospalos,-8.5186,127.0025,296.13,94,71,1.97,TL,1682174962
452,alenquer,-1.9417,-54.7383,301.09,80,100,1.9,BR,1682174861
453,nadym,65.5333,72.5167,273.13,99,100,2.39,RU,1682174963
454,san antonio de pale,-1.4014,5.6325,301.6,70,81,3.25,GQ,1682174963
455,parapat,2.663,98.9349,293.76,92,97,0.61,ID,1682174964
456,aoulef,26.9667,1.0833,308.08,11,2,3.49,DZ,1682174964
457,nyurba,63.2842,118.3319,259.86,98,24,1.65,RU,1682174965
458,sao vicente,-23.9631,-46.3919,299.97,57,0,1.03,BR,1682174888
459,canutama,-6.5339,-64.3831,296.44,99,100,0.34,BR,1682174966
460,galliano,29.4422,-90.2992,294.26,46,0,6.69,US,1682174966
461,hefei,31.8639,117.2808,284.16,82,0,5.0,CN,1682174967
462,karasburg,-28.0167,18.75,298.29,4,100,7.35,NA,1682174967
463,conduaga,8.862,117.4893,299.65,83,19,1.98,PH,1682174967
464,kavaratti,10.5669,72.642,302.2,72,77,5.61,IN,1682174968
465,east london,-33.0153,27.9116,294.67,43,0,4.63,ZA,1682174968
466,santiago de cao,-7.9589,-79.2392,296.22,83,77,3.09,PE,1682174969
467,sanchor,24.7553,71.7722,303.95,23,0,6.29,IN,1682174969
468,montelibano,7.9829,-75.4229,301.94,66,97,1.95,CO,1682174970
469,pelabuhanratu,-6.9875,106.5514,300.01,85,96,1.2,ID,1682174970
470,cromer,52.9312,1.2989,288.15,54,98,7.15,GB,1682174971
471,chabahar,25.2919,60.643,300.78,56,1,5.0,IR,1682174971
472,ko samui,9.5357,99.9357,303.1,79,20,2.57,TH,1682174693
473,guozhen,34.3659,107.359,276.55,98,100,0.85,CN,1682174972
474,merritt island,28.5392,-80.672,301.53,70,0,2.24,US,1682174973
475,burang,30.25,81.1667,263.5,95,44,0.73,CN,1682174973
476,ciudad lazaro cardenas,17.9583,-102.2,299.83,68,100,0.93,MX,1682174974
477,sarangani,5.4033,125.4636,301.75,76,32,4.99,PH,1682174974
478,lewiston orchards,46.3804,-116.9754,280.52,81,0,3.09,US,1682174974
479,poronaysk,49.2167,143.1167,272.79,77,30,4.04,RU,1682174975
480,belmonte,-15.8631,-38.8828,299.15,84,75,5.31,BR,1682174975
481,remire-montjoly,4.9167,-52.2667,299.17,89,75,3.6,GF,1682174975
482,sao gotardo,-19.3111,-46.0489,293.01,74,90,3.53,BR,1682174976
483,safford,32.834,-109.7076,295.43,21,0,1.54,US,1682174868
484,christchurch,-43.5333,172.6333,286.99,92,100,4.12,NZ,1682174976
485,corum,40.5,34.75,287.14,37,68,2.43,TR,1682174976
486,pavlovsk,50.4578,40.1081,280.51,93,100,3.12,RU,1682174974
487,verkhnevilyuysk,63.4453,120.3167,261.48,97,23,1.88,RU,1682174977
488,santa monica,34.0195,-118.4912,296.96,66,0,2.06,US,1682174977
489,mazagao,-0.115,-51.2894,301.18,60,100,2.73,BR,1682174977
490,bardai,11.65,7.2333,311.22,14,100,3.78,NG,1682174977
491,balikpapan,-1.2675,116.8289,298.7,94,20,2.06,ID,1682174978
492,bonthe,7.5264,-12.505,304.84,55,70,6.07,SL,1682174978
493,colonia menno,-22.3667,-59.8167,298.5,55,0,2.61,PY,1682174978
494,villa union,23.2,-106.2333,296.99,88,75,0.0,MX,1682174979
495,morondava,-20.2833,44.2833,299.71,74,43,7.99,MG,1682174979
496,altamira,-3.2033,-52.2064,302.2,79,75,2.57,BR,1682174979
497,veraval,20.9,70.3667,300.07,78,0,7.53,IN,1682174979
498,mermoz boabab,14.7065,-17.4758,301.46,69,0,8.23,SN,1682174980
499,howrah,22.5892,88.3103,306.15,40,40,1.03,IN,1682174980
500,besni,37.6928,37.8611,289.98,50,98,1.62,TR,1682174980
501,yeppoon,-23.1333,150.7333,294.03,72,92,8.94,AU,1682174980
502,broome,42.2506,-75.833,292.15,59,0,8.75,US,1682174981
503,saint-marc,19.1082,-72.6938,300.15,64,14,2.81,HT,1682174981
504,la malbaie,47.6575,-70.1559,285.45,77,100,1.33,CA,1682174981
505,port augusta,-32.5,137.7667,290.82,59,0,2.61,AU,1682174981
506,khandyga,62.6667,135.6,268.29,97,94,2.21,RU,1682174982
507,nabire,-3.3667,135.4833,297.91,91,99,1.3,ID,1682174982
508,marka,1.7159,44.7717,301.91,74,100,3.05,SO,1682174982
509,aldan,58.6031,125.3894,260.87,91,85,1.5,RU,1682174982
510,mzuzu,-11.4656,34.0207,293.18,89,100,2.06,MW,1682174983
511,miyaly,48.8844,53.7836,290.91,43,36,7.77,KZ,1682174983
512,lebu,-37.6167,-73.65,287.76,75,3,6.76,CL,1682174839
513,prince rupert,54.3161,-130.3201,280.98,80,100,9.77,CA,1682174983
514,liaocheng,36.4439,115.9647,279.89,96,100,1.78,CN,1682174983
515,kosti,13.1629,32.6635,313.94,6,8,5.42,SD,1682174984
516,battagram,34.6772,73.0233,287.75,64,5,2.54,PK,1682174984
517,al ghayzah,16.2079,52.176,301.78,66,47,5.53,YE,1682174984
518,ca mau,9.1769,105.15,301.16,78,94,1.75,VN,1682174984
519,mont-joli,48.5839,-68.1921,283.87,46,75,4.12,CA,1682174984
520,kapa'a,22.0752,-159.319,295.33,93,75,2.57,US,1682174985
521,kuvshinovo,57.0295,34.1725,284.34,65,100,1.7,RU,1682174985
522,boende,-0.2167,20.8667,295.52,98,100,0.35,CD,1682174985
523,mishkino,55.3389,63.9175,282.04,80,100,3.59,RU,1682174986
524,rosarito,32.3333,-117.0333,292.73,56,1,0.62,MX,1682174986
525,cascais,38.6979,-9.4215,294.07,67,20,7.6,PT,1682174986
526,inhambane,-23.865,35.3833,302.14,65,20,0.0,MZ,1682174987
527,manokwari,-0.8667,134.0833,298.18,91,100,2.78,ID,1682174987
528,balqash,46.8481,74.995,282.25,34,32,3.02,KZ,1682174987
529,ntungamo,-0.8833,29.65,294.25,88,100,1.49,UG,1682174987
530,saudarkrokur,65.7461,-19.6394,275.62,60,5,2.47,IS,1682174987
531,melekeok village,7.4957,134.6367,301.46,69,75,0.0,PW,1682174987
532,udgir,18.3833,77.1167,306.13,13,16,4.98,IN,1682174988
533,chimoio,-19.1164,33.4833,299.07,69,40,1.85,MZ,1682174988
534,oamaru,-45.0784,170.9801,284.9,81,7,1.79,NZ,1682174988
535,otradnaya,44.3933,41.5206,285.04,77,88,1.15,RU,1682174988
536,praya,14.9215,-23.5087,299.45,53,20,9.26,CV,1682174988
537,atyashevo,54.5644,46.0691,282.98,67,94,2.76,RU,1682174989
538,rongelap,11.1635,166.8941,300.15,79,100,9.15,MH,1682174989
539,la ronge,55.1001,-105.2842,274.29,44,20,0.0,CA,1682174989
540,lagunillas,10.1301,-71.2595,297.86,87,100,2.23,VE,1682174989
541,krasnovishersk,60.4078,57.082,279.2,73,94,0.88,RU,1682174989
542,argo,37.6333,22.7333,293.03,69,41,1.78,GR,1682174990
543,shingu,33.7333,135.9833,282.55,59,49,3.26,JP,1682174990
544,sinsang-ni,39.6503,127.4058,280.32,70,0,1.16,KP,1682174990
545,yeniseysk,58.4497,92.1703,274.01,95,100,1.47,RU,1682174990
546,amga,60.8953,131.9608,261.31,99,65,1.13,RU,1682174990
547,bubaque,11.2833,-15.8333,302.95,48,66,4.92,GW,1682174991
548,shendi,16.6915,33.4341,312.58,6,0,5.2,SD,1682174991
549,jayapura,-2.5333,140.7,298.81,90,96,1.79,ID,1682174991
550,coahuayana de hidalgo,18.7,-103.6583,300.6,58,56,1.84,MX,1682174991
551,zaozersk,69.4005,32.4476,269.11,62,95,7.98,RU,1682174992
552,antsiranana,-12.2787,49.2917,302.57,70,20,3.09,MG,1682174992
553,taroa,8.7058,171.2275,300.69,78,22,8.55,MH,1682174992
554,bridgewater,44.3835,-64.5155,284.08,63,75,2.57,CA,1682174992
555,am timan,11.0297,20.2827,314.55,11,42,1.67,TD,1682174993
556,jamaame,0.0697,42.745,302.31,67,93,5.08,SO,1682174993
557,al bawiti,28.3492,28.8659,303.24,16,96,6.65,EG,1682174993
558,voskresenskoye,56.8381,45.4317,286.36,45,98,1.55,RU,1682174993
559,santa cruz,-17.8,-63.1667,298.85,69,20,2.06,BO,1682174993
560,sisimiut,66.9395,-53.6735,274.38,85,100,2.36,GL,1682174994
561,bayanhongor,46.7167,100.1167,272.62,21,4,1.65,MN,1682174995
562,moussoro,13.6408,16.4901,314.71,8,0,2.33,TD,1682174996
563,huarmey,-10.0681,-78.1522,299.69,73,31,3.88,PE,1682174996
564,binan,14.2637,121.0526,302.79,87,39,3.63,PH,1682174996
565,vernon,50.2581,-119.2691,279.98,75,100,3.6,CA,1682174718
566,mana,5.6592,-53.7767,300.79,76,100,3.16,GF,1682174997
567,alto araguaia,-17.3147,-53.2153,299.88,64,5,2.77,BR,1682174997
